 San Andres ; Hotel Las Americas ; FULL ; Adulto ;950000 ;1066000 ;1170000 ;120000 ;151000 ;992000 ;1139000 ;1267000 ;152000 ;184000 ;1312000 ;1522000 ;1720000 ;216000 ;251000 ;1039000 ;1193000 ;1334000 ;159000 ;191000 ;;;;;;;;;
 San Andres ; Hotel Las Americas ; FULL ; Nino ;900000 ;996000 ;1093000 ;100000 ;130000 ;905000 ;1025000 ;1157000 ;124000 ;155000 ;1220000 ;1390000 ;1560000 ;175000 ;208000 ;969000 ;1094000 ;1219000 ;129000 ;160000 ;;;;;;;;;
 San Andres ; Hotel Las Americas ; FULL ; Sencilla ;1219000 ;1441000 ;1651000 ;229000 ;284000 ;1110000 ;1289000 ;1448000 ;184000 ;237000 ;1430000 ;1677000 ;1912000 ;255000 ;311000 ;1131000 ;1310000 ;1476000 ;184000 ;237000 ;;;;;;;;;
 San Andres ; Hotel Arena Blanca ; FULL ; Adulto ;1134000 ;1341000 ;1538000 ;221000 ;249000 ;1075000 ;1264000 ;1434000 ;202000 ;229000 ;1684000 ;2079000 ;2462000 ;413000 ;449000 ;1260000 ;1524000 ;1776000 ;278000 ;309000 ;;;;;;;;;
 San Andres ; Hotel Arena Blanca ; FULL ; Nino ;1059000 ;1235000 ;1413000 ;189000 ;215000 ;994000 ;1158000 ;1334000 ;176000 ;202000 ;1384000 ;1635000 ;1887000 ;266000 ;295000 ;1130000 ;1335000 ;1541000 ;218000 ;246000 ;;;;;;;;;
 San Andres ; Hotel Arena Blanca ; FULL ; Sencilla ;1528000 ;1904000 ;2269000 ;394000 ;449000 ;1507000 ;1883000 ;2241000 ;394000 ;449000 ;2251000 ;2909000 ;3555000 ;682000 ;749000 ;1685000 ;2140000 ;2584000 ;475000 ;533000 ;;;;;;;;;
 San Andres ; Hotel Bahia Sardina Torre A ; FULL ; Adulto ;1121000 ;1323000 ;1513000 ;208000 ;242000 ;1163000 ;1396000 ;1609000 ;240000 ;275000 ;1359000 ;1591000 ;1812000 ;240000 ;275000 ;1123000 ;1318000 ;1501000 ;202000 ;235000 ;;;;;;;;;
 San Andres ; Hotel Bahia Sardina Torre A ; FULL ; Nino ;934000 ;1048000 ;1163000 ;118000 ;149000 ;944000 ;1083000 ;1234000 ;144000 ;175000 ;1159000 ;1297000 ;1437000 ;144000 ;175000 ;923000 ;1024000 ;1126000 ;105000 ;135000 ;;;;;;;;;
 San Andres ; Hotel Bahia Sardina Torre A ; FULL ; Triple/Cuadrup. ;1086000 ;1270000 ;1443000 ;190000 ;223000 ;1113000 ;1321000 ;1509000 ;214000 ;249000 ;1309000 ;1516000 ;1712000 ;214000 ;249000 ;1073000 ;1243000 ;1401000 ;176000 ;209000 ;;;;;;;;;
 San Andres ; Hotel Bahia Sardina Torre A ; FULL ; Sencilla ;1330000 ;1608000 ;1874000 ;286000 ;343000 ;1424000 ;1759000 ;2076000 ;345000 ;405000 ;1606000 ;1941000 ;2265000 ;345000 ;405000 ;1370000 ;1668000 ;1954000 ;307000 ;365000 ;;;;;;;;;
 San Andres ; Hotel Bahia Sardina Torre B ; FULL ; Adulto ;1071000 ;1248000 ;1413000 ;182000 ;215000 ;1125000 ;1339000 ;1534000 ;221000 ;255000 ;1321000 ;1535000 ;1737000 ;221000 ;255000 ;1085000 ;1261000 ;1426000 ;182000 ;215000 ;;;;;;;;;
 San Andres ; Hotel Bahia Sardina Torre B ; FULL ; Nino ;921000 ;1029000 ;1138000 ;112000 ;142000 ;919000 ;1046000 ;1184000 ;131000 ;162000 ;1134000 ;1260000 ;1387000 ;131000 ;162000 ;898000 ;986000 ;1076000 ;93000 ;122000 ;;;;;;;;;
 San Andres ; Hotel Bahia Sardina Torre B ; FULL ; Triple/Cuadrup. ;1034000 ;1191000 ;1338000 ;163000 ;195000 ;1075000 ;1264000 ;1434000 ;195000 ;229000 ;1271000 ;1460000 ;1637000 ;195000 ;229000 ;1035000 ;1186000 ;1326000 ;157000 ;189000 ;;;;;;;;;
 San Andres ; Hotel Bahia Sardina Torre B ; FULL ; Sencilla ;1233000 ;1461000 ;1679000 ;236000 ;291000 ;1349000 ;1647000 ;1926000 ;307000 ;365000 ;1531000 ;1829000 ;2115000 ;307000 ;365000 ;1295000 ;1555000 ;1804000 ;268000 ;325000 ;;;;;;;;;
 San Andres ; Hotel Calypso Estandar ; FULL ; Adulto ;1049000 ;1214000 ;1368000 ;171000 ;203000 ;1028000 ;1193000 ;1339000 ;171000 ;203000 ;1386000 ;1632000 ;1867000 ;262000 ;298000 ;1063000 ;1228000 ;1381000 ;262000 ;;;;;;;;;;
 San Andres ; Hotel Calypso Estandar ; FULL ; Nino ;961000 ;1089000 ;1218000 ;132000 ;163000 ;922000 ;1049000 ;1189000 ;132000 ;163000 ;1234000 ;1410000 ;1587000 ;190000 ;223000 ;975000 ;1103000 ;1231000 ;190000 ;;;;;;;;;;
 San Andres ; Hotel Calypso Estandar ; FULL ; Sencilla ;1493000 ;1851000 ;2199000 ;369000 ;430000 ;1472000 ;1831000 ;2171000 ;369000 ;430000 ;1789000 ;2215000 ;2630000 ;446000 ;510000 ;1493000 ;1851000 ;2199000 ;446000 ;;;;;;;;;;
 San Andres ; Hotel Calypso Superior ; FULL ; Adulto ;1099000 ;1289000 ;1468000 ;196000 ;230000 ;1078000 ;1268000 ;1439000 ;196000 ;230000 ;1509000 ;1816000 ;2112000 ;325000 ;363000 ;1113000 ;1303000 ;1481000 ;325000 ;;;;;;;;;;
 San Andres ; Hotel Calypso Superior ; FULL ; Nino ;999000 ;1145000 ;1293000 ;152000 ;183000 ;959000 ;1106000 ;1264000 ;152000 ;183000 ;1284000 ;1485000 ;1687000 ;216000 ;250000 ;1013000 ;1159000 ;1306000 ;216000 ;;;;;;;;;;
 San Andres ; Hotel Calypso Superior ; FULL ; Sencilla ;1593000 ;2001000 ;2399000 ;421000 ;483000 ;1572000 ;1981000 ;2371000 ;421000 ;483000 ;1939000 ;2440000 ;2930000 ;523000 ;590000 ;1593000 ;2001000 ;2399000 ;523000 ;;;;;;;;;;
 San Andres ; Hotel Calypso Suite ; FULL ; Adulto ;1211000 ;1458000 ;1693000 ;254000 ;290000 ;1190000 ;1437000 ;1664000 ;254000 ;290000 ;1596000 ;1947000 ;2287000 ;369000 ;410000 ;1225000 ;1471000 ;1706000 ;369000 ;;;;;;;;;;
 San Andres ; Hotel Calypso Suite ; FULL ; Nino ;1061000 ;1239000 ;1418000 ;184000 ;217000 ;1022000 ;1199000 ;1389000 ;184000 ;217000 ;1334000 ;1560000 ;1787000 ;241000 ;277000 ;1075000 ;1253000 ;1431000 ;241000 ;;;;;;;;;;
 San Andres ; Hotel Calypso Suite ; FULL ; Sencilla ;1743000 ;2226000 ;2699000 ;498000 ;563000 ;1722000 ;2206000 ;2671000 ;498000 ;563000 ;2139000 ;2740000 ;3330000 ;626000 ;697000 ;1743000 ;2226000 ;2699000 ;626000 ;;;;;;;;;;
 San Andres ; Hotel El Dorado ; FULL ; Adulto ;1096000 ;1285000 ;1463000 ;195000 ;229000 ;1025000 ;1189000 ;1334000 ;169000 ;202000 ;1496000 ;1797000 ;2087000 ;311000 ;349000 ;1210000 ;1449000 ;1648000 ;246000 ;282000 ;;;;;;;;;
 San Andres ; Hotel El Dorado ; FULL ; Nino ;1009000 ;1160000 ;1313000 ;157000 ;189000 ;944000 ;1083000 ;1234000 ;144000 ;175000 ;1284000 ;1485000 ;1687000 ;208000 ;242000 ;1060000 ;1230000 ;1373000 ;176000 ;209000 ;;;;;;;;;
 San Andres ; Hotel El Dorado ; FULL ; Sencilla ;1403000 ;1716000 ;2019000 ;323000 ;382000 ;1257000 ;1508000 ;1741000 ;259000 ;315000 ;1989000 ;2515000 ;3030000 ;541000 ;609000 ;1478000 ;1829000 ;2141000 ;362000 ;422000 ;;;;;;;;;
 San Andres ; Hotel Lord Pierre Estandar ; FULL ; Adulto ;1121000 ;1323000 ;1513000 ;208000 ;242000 ;1526000 ;1842000 ;2147000 ;334000 ;373000 ;1526000 ;1842000 ;2147000 ;334000 ;373000 ;1185000 ;1411000 ;1598000 ;241000 ;277000 ;;;;;;;;;
 San Andres ; Hotel Lord Pierre Estandar ; FULL ; Nino ;984000 ;1123000 ;1263000 ;144000 ;175000 ;1391000 ;1646000 ;1902000 ;271000 ;307000 ;1391000 ;1646000 ;1902000 ;271000 ;307000 ;1038000 ;1196000 ;1328000 ;172000 ;205000 ;;;;;;;;;
 San Andres ; Hotel Lord Pierre Estandar ; FULL ; Sencilla ;1278000 ;1529000 ;1769000 ;259000 ;315000 ;1656000 ;2016000 ;2365000 ;378000 ;439000 ;1656000 ;2016000 ;2365000 ;378000 ;439000 ;1338000 ;1619000 ;1861000 ;298000 ;355000 ;;;;;;;;;
 San Andres ; Hotel Lord Pierre Junior Suite ; FULL ; Adulto ;1346000 ;1660000 ;1963000 ;323000 ;362000 ;1701000 ;2105000 ;2497000 ;423000 ;466000 ;1701000 ;2105000 ;2497000 ;423000 ;466000 ;1360000 ;1674000 ;1948000 ;331000 ;370000 ;;;;;;;;;
 San Andres ; Hotel Lord Pierre Junior Suite ; FULL ; Nino ;1199000 ;1445000 ;1693000 ;254000 ;290000 ;1566000 ;1909000 ;2252000 ;361000 ;401000 ;1566000 ;1909000 ;2252000 ;361000 ;401000 ;1213000 ;1459000 ;1678000 ;262000 ;298000 ;;;;;;;;;
 San Andres ; Hotel Lord Pierre Junior Suite ; FULL ; Sencilla ;1513000 ;1881000 ;2239000 ;380000 ;441000 ;1831000 ;2279000 ;2715000 ;468000 ;533000 ;1831000 ;2279000 ;2715000 ;468000 ;533000 ;1513000 ;1881000 ;2211000 ;387000 ;449000 ;;;;;;;;;
 San Andres ; Jotel Lord Pierre Suite ; FULL ; Adulto ;1396000 ;1735000 ;2063000 ;349000 ;389000 ;1751000 ;2180000 ;2597000 ;449000 ;493000 ;1751000 ;2180000 ;2597000 ;449000 ;493000 ;1410000 ;1749000 ;2048000 ;357000 ;397000 ;;;;;;;;;
 San Andres ; Jotel Lord Pierre Suite ; FULL ; Nino ;1249000 ;1520000 ;1794000 ;280000 ;317000 ;1616000 ;1984000 ;2352000 ;386000 ;427000 ;1616000 ;1984000 ;2352000 ;386000 ;427000 ;1263000 ;1534000 ;1778000 ;287000 ;325000 ;;;;;;;;;
 San Andres ; Jotel Lord Pierre Suite ; FULL ; Sencilla ;1563000 ;1956000 ;2339000 ;405000 ;467000 ;1881000 ;2354000 ;2815000 ;494000 ;559000 ;1881000 ;2354000 ;2815000 ;494000 ;559000 ;1563000 ;1956000 ;2311000 ;413000 ;475000 ;;;;;;;;;
 San Andres ; Tres Casitas ; FULL ; Adulto ;981000 ;1113000 ;1233000 ;136000 ;167000 ;1321000 ;1535000 ;1737000 ;;;1321000 ;1535000 ;1737000 ;;;1010000 ;1149000 ;;;;;;;;;;;;
 San Andres ; Tres Casitas ; FULL ; Nino ;919000 ;1025000 ;1133000 ;111000 ;141000 ;1226000 ;1399000 ;1572000 ;;;1226000 ;1399000 ;1572000 ;;;945000 ;1058000 ;;;;;;;;;;;;
 San Andres ; Casa Blanca Estandar ; FULL ; Adulto ;1244000 ;1506000 ;1758000 ;271000 ;307000 ;1223000 ;1486000 ;1729000 ;271000 ;307000 ;2090000 ;2689000 ;3275000 ;615000 ;665000 ;1298000 ;1580000 ;1823000 ;291000 ;329000 ;;;;;;;;;
 San Andres ; Casa Blanca Estandar ; FULL ; Nino ;1041000 ;1209000 ;1378000 ;173000 ;206000 ;1002000 ;1169000 ;1349000 ;173000 ;206000 ;1584000 ;1935000 ;2287000 ;362000 ;402000 ;1080000 ;1260000 ;1413000 ;186000 ;219000 ;;;;;;;;;
 San Andres ; Casa Blanca Estandar ; FULL ; Sencilla ;1820000 ;2343000 ;2854000 ;537000 ;605000 ;1799000 ;2322000 ;2826000 ;537000 ;605000 ;3326000 ;4521000 ;5705000 ;1227000 ;1322000 ;1898000 ;2459000 ;2981000 ;577000 ;646000 ;;;;;;;;;
 San Andres ; Casa Blanca Vista Al Mar ; FULL ; Adulto ;1401000 ;1743000 ;2073000 ;352000 ;391000 ;1380000 ;1722000 ;2044000 ;352000 ;391000 ;2301000 ;3005000 ;3697000 ;723000 ;778000 ;1465000 ;1831000 ;2158000 ;377000 ;418000 ;;;;;;;;;
 San Andres ; Casa Blanca Vista Al Mar ; FULL ; Nino ;1124000 ;1333000 ;1543000 ;216000 ;250000 ;1084000 ;1293000 ;1514000 ;216000 ;250000 ;1676000 ;2074000 ;2472000 ;409000 ;451000 ;1168000 ;1391000 ;1588000 ;231000 ;266000 ;;;;;;;;;
 San Andres ; Casa Blanca Vista Al Mar ; FULL ; Sencilla ;2138000 ;2819000 ;3489000 ;700000 ;774000 ;2117000 ;2798000 ;3461000 ;700000 ;774000 ;3749000 ;5155000 ;6550000 ;1444000 ;1547000 ;2240000 ;2973000 ;3666000 ;753000 ;829000 ;;;;;;;;;
 San Andres ; Tiuna Estandar ; FULL ; Adulto ;981000 ;1094000 ;1195000 ;0 ;0 ;;;;;;;;;;;; $-;;;;;;;;;;;;
 San Andres ; Tiuna Estandar ; FULL ; Nino ;919000 ;1006000 ;1095000 ;0 ;0 ;;;;;;;;;;;; $-;;;;;;;;;;;;
 San Andres ; Tiuna Estandar ; FULL ; Sencilla ;1150000 ;1319000 ;1476000 ;0 ;0 ;;;;;;;;;;;; $-;;;;;;;;;;;;
 San Andres ; Verde Mar Estandar ; FULL ; Adulto ;950000 ;1066000 ;1170000 ;120000 ;151000 ;992000 ;1139000 ;1267000 ;152000 ;184000 ;1312000 ;1522000 ;1720000 ;216000 ;251000 ;1039000 ;1193000 ;1306000 ;159000 ;191000 ;;;;;;;;;
 San Andres ; Verde Mar Estandar ; FULL ; Nino ;900000 ;996000 ;1093000 ;100000 ;130000 ;905000 ;1025000 ;1157000 ;124000 ;155000 ;1220000 ;1390000 ;1560000 ;175000 ;208000 ;969000 ;1094000 ;1191000 ;129000 ;160000 ;;;;;;;;;
 San Andres ; Verde Mar Estandar ; FULL ; Sencilla ;1219000 ;1441000 ;1651000 ;229000 ;284000 ;1110000 ;1289000 ;1448000 ;184000 ;237000 ;1430000 ;1677000 ;1912000 ;255000 ;311000 ;1131000 ;1310000 ;1448000 ;184000 ;237000 ;;;;;;;;;
 Santa Marta ; Sol Arhuaco ; P.C. ; Adulto ;1009000 ;1009000 ;1009000 ;1009000 ;1009000 ;1009000 ;1009000 ;1009000 ;1009000 ;1009000 ;1009000 ;1009000 ;1009000 ;1009000 ;1009000 ;;;;;;;;;;;;;;
 Santa Marta ; Sol Arhuaco ; P.C. ; Nino ;1009000 ;1009000 ;1009000 ;1009000 ;1009000 ;1009000 ;1009000 ;1009000 ;1009000 ;1009000 ;1009000 ;1009000 ;1009000 ;1009000 ;1009000 ;;;;;;;;;;;;;;
 Santa Marta ; Sol Arhuaco ; P.C. ; Sencilla ;1009000 ;1009000 ;1009000 ;1009000 ;1009000 ;1009000 ;1009000 ;1009000 ;1009000 ;1009000 ;1009000 ;1009000 ;1009000 ;1009000 ;1009000 ;;;;;;;;;;;;;;
 Santa Marta ; Sol Arhuaco ; P.A.M. ; Adulto ;1009000 ;1009000 ;1009000 ;1009000 ;1009000 ;1009000 ;1009000 ;1009000 ;1009000 ;1009000 ;1009000 ;1009000 ;1009000 ;1009000 ;1009000 ;;;;;;;;;;;;;;
 Santa Marta ; Sol Arhuaco ; P.A.M. ; Nino ;1009000 ;1009000 ;1009000 ;1009000 ;1009000 ;1009000 ;1009000 ;1009000 ;1009000 ;1009000 ;1009000 ;1009000 ;1009000 ;1009000 ;1009000 ;;;;;;;;;;;;;;
 Santa Marta ; Sol Arhuaco ; P.A.M. ; Sencilla ;1009000 ;1009000 ;1009000 ;1009000 ;1009000 ;1009000 ;1009000 ;1009000 ;1009000 ;1009000 ;1009000 ;1009000 ;1009000 ;1009000 ;1009000 ;;;;;;;;;;;;;;
 Santa Marta ; Sol Arhuaco ; P.A. ; Adulto ;1009000 ;1009000 ;1009000 ;1009000 ;1009000 ;1009000 ;1009000 ;1009000 ;1009000 ;1009000 ;1009000 ;1009000 ;1009000 ;1009000 ;1009000 ;;;;;;;;;;;;;;
 Santa Marta ; Sol Arhuaco ; P.A. ; Nino ;1009000 ;1009000 ;1009000 ;1009000 ;1009000 ;1009000 ;1009000 ;1009000 ;1009000 ;1009000 ;1009000 ;1009000 ;1009000 ;1009000 ;1009000 ;;;;;;;;;;;;;;
 Santa Marta ; Sol Arhuaco ; P.A. ; Sencilla ;1009000 ;1009000 ;1009000 ;1009000 ;1009000 ;1009000 ;1009000 ;1009000 ;1009000 ;1009000 ;1009000 ;1009000 ;1009000 ;1009000 ;1009000 ;;;;;;;;;;;;;;
 Providencia ; Sol Caribe Providencia ; P.A.M ; Adulto ;1369000 ;1479000 ;1589000 ;130000 ;;1735000 ;1955000 ;2185000 ;200000 ;;1735000 ;1955000 ;2185000 ;200000 ;;;;;;;;;;;;;;;
 Providencia ; Sol Caribe Providencia ; P.A.M. ; Nino ;1309000 ;1379000 ;1459000 ;90000 ;;1499000 ;1639000 ;1779000 ;150000 ;;1499000 ;1639000 ;1779000 ;150000 ;;;;;;;;;;;;;;;
 Santa Marta ;  Hotel Tamaca Beach Superior ; P.A.M. ; Adulto Doble ;856000 ;1081000 ;1306000 ;233000 ;249000 ;0 ;1742000 ;2098000 ;364000 ;0 ;;1742000 ;2098000 ;364000 ;;;1111000 ;1395000 ;242000 ;257667 ;;;;;;;;;
 Santa Marta ;  Hotel Tamaca Beach Superior ; P.A.M. ; Nino ;639000 ;756000 ;873000 ;125000 ;137000 ;0 ;1138000 ;1293000 ;163000 ;0 ;;1138000 ;1293000 ;163000 ;;;771000 ;891000 ;128000 ;140333 ;;;;;;;;;
 Santa Marta ;  Hotel Tamaca Beach Superior ; P.A.M. ; Persona Adicional ;791000 ;984000 ;1177000 ;201000 ;215667 ;0 ;1630000 ;1949000 ;327000 ;0 ;;1630000 ;1949000 ;327000 ;;;1007000 ;1206000 ;207000 ;221667 ;;;;;;;;;
 Santa Marta ;  Hotel Tamaca Beach Superior ; P.A.M. ; Sencilla ;1105000 ;1455000 ;1804000 ;358000 ;377667 ;0 ;2656000 ;3317000 ;669000 ;0 ;;2656000 ;3317000 ;669000 ;;;1498000 ;1861000 ;371000 ;391000 ;;;;;;;;;
 Santa Marta ;  Hotel Tamaca Beach Superior ; P.A.  ; Adulto Doble ;911000 ;1164000 ;1417000 ;261000 ;277667 ;0 ;1862000 ;2258000 ;404000 ;0 ;;1862000 ;2258000 ;404000 ;;;1197000 ;1459000 ;270000 ;287000 ;;;;;;;;;
 Santa Marta ;  Hotel Tamaca Beach Superior ; P.A.  ; Nino ;666000 ;797000 ;927000 ;138000 ;151000 ;0 ;1262000 ;1458000 ;204000 ;0 ;;1262000 ;1458000 ;204000 ;;;813000 ;948000 ;142000 ;155000 ;;;;;;;;;
 Santa Marta ;  Hotel Tamaca Beach Superior ; P.A.  ; Persona Adicional ;911000 ;1164000 ;1417000 ;261000 ;277667 ;0 ;1754000 ;2114000 ;368000 ;0 ;;1754000 ;2114000 ;368000 ;;;1096000 ;1324000 ;236000 ;252333 ;;;;;;;;;
 Santa Marta ;  Hotel Tamaca Beach Superior ; P.A.  ; Sencilla ;1162000 ;1540000 ;1918000 ;386000 ;407000 ;0 ;2772000 ;2471000 ;707000 ;0 ;;2772000 ;2471000 ;707000 ;;;1588000 ;1980000 ;400000 ;421667 ;;;;;;;;;
 Santa Marta ; Hotel Tamaca Torre Norte ; P.A.M. ; Adulto ;793000 ;986000 ;1180000 ;202000 ;216333 ;0 ;1519100 ;1897000 ;314000 ;0 ;;1519100 ;1897000 ;314000 ;;;1011000 ;1211000 ;208000 ;223000 ;;;;;;;;;
 Santa Marta ; Hotel Tamaca Torre Norte ; P.A.M. ; Nino ;606000 ;706000 ;806000 ;108000 ;119667 ;0 ;1065000 ;1195000 ;138000 ;0 ;;1065000 ;1195000 ;138000 ;;;720000 ;824000 ;111000 ;123000 ;;;;;;;;;
 Santa Marta ; Hotel Tamaca Torre Norte ; P.A.M. ; Persona Adicional ;741000 ;909000 ;1077000 ;176000 ;189667 ;0 ;1498000 ;1773000 ;283000 ;0 ;;1498000 ;1773000 ;283000 ;;;929000 ;1102000 ;181000 ;195000 ;;;;;;;;;
 Santa Marta ; Hotel Tamaca Torre Norte ; P.A.M. ; Sencilla ;1000000 ;1298000 ;1595000 ;305000 ;323667 ;0 ;2350000 ;2909000 ;567000 ;0 ;;2350000 ;2909000 ;567000 ;;;1336000 ;1644000 ;316000 ;335000 ;;;;;;;;;
 Santa Marta ; Hotel Tamaca Torre Norte ; P.A.  ; Adulto ;848000 ;1070000 ;1291000 ;229000 ;245000 ;0 ;1684000 ;2021000 ;345000 ;0 ;;1684000 ;2021000 ;345000 ;;;1096000 ;1324000 ;236000 ;252333 ;;;;;;;;;
 Santa Marta ; Hotel Tamaca Torre Norte ; P.A.  ; Nino ;633000 ;746000 ;860000 ;122000 ;133667 ;0 ;1165000 ;1329000 ;172000 ;0 ;;1165000 ;1329000 ;172000 ;;;759000 ;875000 ;124000 ;136333 ;;;;;;;;;
 Santa Marta ; Hotel Tamaca Torre Norte ; P.A.  ; Persona Adicional ;796000 ;992000 ;1188000 ;203000 ;218333 ;0 ;1595000 ;1902000 ;315000 ;0 ;;1595000 ;1902000 ;315000 ;;;1018000 ;1221000 ;211000 ;225667 ;;;;;;;;;
 Santa Marta ; Hotel Tamaca Torre Norte ; P.A.  ; Sencilla ;1057000 ;1383000 ;1709000 ;334000 ;353000 ;0 ;2439000 ;3027000 ;596000 ;0 ;;2439000 ;3027000 ;596000 ;;;1425000 ;1763000 ;346000 ;365667 ;;;;;;;;;
 Santa Marta ; La Riviera Estandar ; P.A.M. ; Doble Adulto. ;684000 ;824000 ;963000 ;147000 ;160333 ;0 ;1227000 ;1412000 ;193000 ;0 ;;1227000 ;1412000 ;193000 ;;;844000 ;989000 ;153000 ;165667 ;;;;;;;;;
 Santa Marta ; La Riviera Estandar ; P.A.M. ; Nino. ;532000 ;595000 ;659000 ;71000 ;81667 ;0 ;999000 ;1107000 ;116000 ;0 ;;999000 ;1107000 ;116000 ;;;608000 ;674000 ;74000 ;84333 ;;;;;;;;;
 Santa Marta ; La Riviera Estandar ; P.A.M. ; Triple. ;627000 ;739000 ;850000 ;119000 ;131000 ;0 ;1158000 ;1319000 ;169000 ;0 ;;1158000 ;1319000 ;169000 ;;;755000 ;870000 ;123000 ;135000 ;;;;;;;;;
 Santa Marta ; La Riviera Estandar ; P.A.M. ; Sencilla. ;831000 ;1044000 ;1257000 ;221000 ;236333 ;0 ;1475000 ;1742000 ;275000 ;0 ;;1475000 ;1742000 ;275000 ;;;1073000 ;1293000 ;229000 ;244333 ;;;;;;;;;
 Santa Marta ; La Riviera Superior ; P.A.M. ; Doble Adulto. ;696000 ;841000 ;986000 ;153000 ;166333 ;0 ;1282000 ;1484000 ;211000 ;0 ;;1282000 ;1484000 ;211000 ;;;864000 ;1015000 ;159000 ;172333 ;;;;;;;;;
 Santa Marta ; La Riviera Superior ; P.A.M. ; Nino. ;550000 ;622000 ;695000 ;80000 ;91000 ;0 ;1026000 ;1144000 ;125000 ;0 ;;1026000 ;1144000 ;125000 ;;;635000 ;710000 ;83000 ;93667 ;;;;;;;;;
 Santa Marta ; La Riviera Superior ; P.A.M. ; Triple. ;639000 ;756000 ;873000 ;125000 ;137000 ;0 ;1204000 ;1381000 ;185000 ;0 ;;1204000 ;1381000 ;185000 ;;;775000 ;896000 ;129000 ;141667 ;;;;;;;;;
 Santa Marta ; La Riviera Superior ; P.A.M. ; Sencilla. ;870000 ;1102000 ;1335000 ;240000 ;256333 ;0 ;1545000 ;1835000 ;290000 ;0 ;;1545000 ;1835000 ;290000 ;;;1135000 ;1376000 ;249000 ;265667 ;;;;;;;;;
 Santa Marta ; Hotel Yuldma Estandar ; P.A.M. ; Doble Adulto. ;653000 ;763000 ;874000 ;119000 ;138847 ;0 ;1186000 ;1356000 ;179000 ;0 ;;1186000 ;1356000 ;179000 ;;;744000 ;856000 ;119000 ;130680 ;;;;;;;;;
 Santa Marta ; Hotel Yuldma Estandar ; P.A.M. ; Nino. ;559000 ;623000 ;687000 ;72000 ;90677 ;0 ;905000 ;982000 ;85000 ;0 ;;905000 ;982000 ;85000 ;;;604000 ;668000 ;72000 ;82177 ;;;;;;;;;
 Santa Marta ; Hotel Yuldma Estandar ; P.A.M. ; Triple. ;588000 ;666000 ;744000 ;86000 ;105594 ;0 ;996000 ;1104000 ;115000 ;0 ;;996000 ;1104000 ;115000 ;;;647000 ;725000 ;87000 ;97094 ;;;;;;;;;
 Santa Marta ; Hotel Yuldma Estandar ; P.A.M. ; Sencilla. ;798000 ;981000 ;1164000 ;191000 ;213513 ;0 ;1466000 ;173000 ;272000 ;0 ;;1466000 ;173000 ;272000 ;;;962000 ;1146000 ;192000 ;205347 ;;;;;;;;;
 Santa Marta ; Hotel Yuldama Superior ; P.A.M. ; Doble Adulto. ;668000 ;786000 ;904000 ;126000 ;146674 ;0 ;1264000 ;1461000 ;205000 ;0 ;;1264000 ;1461000 ;205000 ;;;767000 ;886000 ;127000 ;138174 ;;;;;;;;;
 Santa Marta ; Hotel Yuldama Superior ; P.A.M. ; Nino. ;565000 ;632000 ;699000 ;75000 ;93675 ;0 ;1033000 ;1153000 ;128000 ;0 ;;1033000 ;1153000 ;128000 ;;;613000 ;680000 ;75000 ;85508 ;;;;;;;;;
 Santa Marta ; Hotel Yuldama Superior ; P.A.M. ; Triple. ;598000 ;681000 ;764000 ;91000 ;110473 ;0 ;93000 ;1015000 ;93000 ;0 ;;93000 ;1015000 ;93000 ;;;662000 ;745000 ;92000 ;102307 ;;;;;;;;;
 Santa Marta ; Hotel Yuldama Superior ; P.A.M. ; Sencilla. ;828000 ;1026000 ;1224000 ;206000 ;229169 ;0 ;1721000 ;2007000 ;357000 ;0 ;;1721000 ;2007000 ;357000 ;;;1007000 ;1206000 ;207000 ;220669 ;;;;;;;;;
 San Andres ; Sol Caribe Centro ; FULL ; Adulto ;961000 ;961000 ;961000 ;961000 ;961000 ;961000 ;961000 ;961000 ;961000 ;961000 ;961000 ;961000 ;961000 ;961000 ;961000 ;;;;;;;;;;;;;;
 San Andres ; Sol Caribe Centro ; FULL ; Nino ;961000 ;961000 ;961000 ;961000 ;961000 ;961000 ;961000 ;961000 ;961000 ;961000 ;961000 ;961000 ;961000 ;961000 ;961000 ;;;;;;;;;;;;;;
 San Andres ; Sol Caribe Centro ; FULL ; Sencilla ;;;;0 ;0 ;0 ;0 ;0 ;0 ;0 ;;;;;0 ;0 ;0 ;0 ;0 ;0 ;;;;;;;;;
 San Andres ; Sol Caribe Campo ; FULL ; Adulto ;961000 ;961000 ;961000 ;961000 ;961000 ;961000 ;961000 ;961000 ;961000 ;961000 ;961000 ;961000 ;961000 ;961000 ;961000 ;;;;;;;;;;;;;;
 San Andres ; Sol Caribe Campo ; FULL ; Nino ;961000 ;961000 ;961000 ;961000 ;961000 ;961000 ;961000 ;961000 ;961000 ;961000 ;961000 ;961000 ;961000 ;961000 ;961000 ;;;;;;;;;;;;;;
 San Andres ; Sol Caribe Campo ; FULL ; Sencilla ;;;;0 ;0 ;0 ;0 ;0 ;0 ;0 ;;;;;0 ;0 ;0 ;0 ;0 ;0 ;;;;;;;;;
 San Andres ; Sol Caribe Sea Flower ; P.A.M ; Adulto ;961000 ;961000 ;961000 ;961000 ;961000 ;961000 ;961000 ;961000 ;961000 ;961000 ;961000 ;961000 ;961000 ;961000 ;961000 ;961000 ;961000 ;961000 ;961000 ;961000 ;;;;;;;;;
 San Andres ; Sol Caribe Sea Flower ; P.A.M ; Nino ;961000 ;961000 ;961000 ;961000 ;961000 ;961000 ;961000 ;961000 ;961000 ;961000 ;961000 ;961000 ;961000 ;961000 ;961000 ;961000 ;961000 ;961000 ;961000 ;961000 ;;;;;;;;;
 San Andres ; Sol Caribe Sea Flower ; P.A.M ; Sencilla ;961000 ;961000 ;961000 ;961000 ;961000 ;961000 ;961000 ;961000 ;961000 ;961000 ;961000 ;961000 ;961000 ;961000 ;961000 ;961000 ;961000 ;961000 ;961000 ;961000 ;;;;;;;;;
 San Andres ; Sol Caribe Sea Flower ; P.A.E. ; Adulto ;961000 ;961000 ;961000 ;961000 ;961000 ;961000 ;961000 ;961000 ;961000 ;961000 ;961000 ;961000 ;961000 ;961000 ;961000 ;961000 ;961000 ;961000 ;961000 ;961000 ;;;;;;;;;
 San Andres ; Sol Caribe Sea Flower ; P.A.E. ; Nino ;961000 ;961000 ;961000 ;961000 ;961000 ;961000 ;961000 ;961000 ;961000 ;961000 ;961000 ;961000 ;961000 ;961000 ;961000 ;961000 ;961000 ;961000 ;961000 ;961000 ;;;;;;;;;
 San Andres ; Sol Caribe Sea Flower ; P.A.E. ; Sencilla ;961000 ;961000 ;961000 ;961000 ;961000 ;961000 ;961000 ;961000 ;961000 ;961000 ;961000 ;961000 ;961000 ;961000 ;961000 ;961000 ;961000 ;961000 ;961000 ;961000 ;;;;;;;;;
 Cartagena ; Hotel San Felipe Plaza Estandar ; P.A.M ; Adulto ;608000 ;689000 ;771000 ;89000 ;112333 ;608000 ;689000 ;771000 ;89000 ;112333 ;975000 ;1106000 ;1237000 ;139000 ;;643000 ;741000 ;840000 ;107000 ;;;;;;;;;;
 Cartagena ; Hotel San Felipe Plaza Estandar ; P.A.M ; Nino ;448000 ;449000 ;451000 ;9000 ;29667 ;448000 ;449000 ;451000 ;9000 ;29667 ;825000 ;880000 ;935000 ;63000 ;;463000 ;472000 ;480000 ;17000 ;;;;;;;;;;
 Cartagena ; Hotel San Felipe Plaza Estandar ; P.A.M ; Sencilla ;680000 ;798000 ;915000 ;125000 ;128333 ;680000 ;798000 ;915000 ;125000 ;128333 ;1051000 ;1219000 ;1388000 ;176000 ;;701000 ;828000 ;956000 ;136000 ;;;;;;;;;;
 Cartagena ; Hotel San Felipe Plaza Estandar ; FULL ; Adulto ;639000 ;736000 ;833000 ;105000 ;128333 ;639000 ;736000 ;833000 ;105000 ;128333 ;962000 ;1086000 ;1210000 ;132000 ;;641000 ;740000 ;838000 ;106000 ;;;;;;;;;;
 Cartagena ; Hotel San Felipe Plaza Estandar ; FULL ; Nino ;448000 ;449000 ;451000 ;9000 ;29667 ;448000 ;449000 ;451000 ;9000 ;29667 ;825000 ;881000 ;937000 ;63000 ;;543000 ;593000 ;642000 ;57000 ;;;;;;;;;;
 Cartagena ; Hotel San Felipe Plaza Estandar ; FULL ; Sencilla ;706000 ;836000 ;967000 ;138000 ;163000 ;706000 ;836000 ;967000 ;138000 ;163000 ;1027000 ;1183000 ;1339000 ;164000 ;;693000 ;817000 ;941000 ;132000 ;;;;;;;;;;
 Cartagena ; Hotel San Pietro Estandar ; P.A.M ; Adulto Doble ;659000 ;767000 ;874000 ;115000 ;139000 ;659000 ;767000 ;874000 ;115000 ;139000 ;1050000 ;1218000 ;1386000 ;176000 ;;659000 ;767000 ;874000 ;115000 ;;;;;;;;;;
 Cartagena ; Hotel San Pietro Estandar ; P.A.M ; Nino ;617000 ;703000 ;789000 ;94000 ;117000 ;617000 ;703000 ;789000 ;94000 ;117000 ;983000 ;1118000 ;1252000 ;142000 ;;617000 ;703000 ;789000 ;94000 ;;;;;;;;;;
 Cartagena ; Hotel San Pietro Estandar ; P.A.M ; Triple ;646000 ;746000 ;846000 ;108000 ;131667 ;646000 ;746000 ;846000 ;108000 ;131667 ;1021000 ;1174000 ;1328000 ;161000 ;;646000 ;746000 ;846000 ;108000 ;;;;;;;;;;
 Cartagena ; Hotel San Pietro Estandar ; P.A.M ; Cuadruple ;639000 ;737000 ;834000 ;105000 ;128667 ;639000 ;737000 ;834000 ;105000 ;128667 ;1006000 ;1152000 ;1298000 ;154000 ;;639000 ;737000 ;834000 ;105000 ;;;;;;;;;;
 Cartagena ; Hotel San Pietro Estandar ; P.A.M ; Persona Adicional ;621000 ;709000 ;797000 ;96000 ;119000 ;621000 ;709000 ;797000 ;96000 ;119000 ;963000 ;1088000 ;1213000 ;133000 ;;621000 ;709000 ;797000 ;96000 ;;;;;;;;;;
 Cartagena ; Hotel San Pietro Estandar ; P.A.M ; Sencilla ;871000 ;1084000 ;1297000 ;221000 ;248333 ;871000 ;1084000 ;1297000 ;221000 ;248333 ;1354000 ;1674000 ;1995000 ;328000 ;;871000 ;1084000 ;1297000 ;221000 ;;;;;;;;;;
 Cartagena ; Dorado Plaza Torre B ; Full ; Adulto ;773000 ;937000 ;1101000 ;172000 ;197667 ;773000 ;937000 ;1101000 ;172000 ;197667 ;1194000 ;1434000 ;1675000 ;248000 ;;789000 ;960000 ;1132000 ;180000 ;;;;;;;;;;
 Cartagena ; Dorado Plaza Torre B ; Full ; Nino ;649000 ;751000 ;853000 ;110000 ;133667 ;649000 ;751000 ;853000 ;110000 ;133667 ;959000 ;1082000 ;1205000 ;131000 ;;662000 ;771000 ;879000 ;116000 ;;;;;;;;;;
 Cartagena ; Dorado Plaza Torre B ; Full ; Sencilla ;964000 ;1223000 ;1483000 ;267000 ;296333 ;964000 ;1223000 ;1483000 ;267000 ;296333 ;1380000 ;1713000 ;2046000 ;341000 ;;990000 ;1262000 ;1535000 ;280000 ;;;;;;;;;;
 Cartagena ; Dorado Plaza Torre A ; Full ; Adulto ;809000 ;991000 ;1173000 ;190000 ;216333 ;809000 ;991000 ;1173000 ;190000 ;216333 ;1228000 ;1485000 ;1742000 ;265000 ;;830000 ;1022000 ;1215000 ;200000 ;;;;;;;;;;
 Cartagena ; Dorado Plaza Torre A ; Full ; Nino ;649000 ;751000 ;853000 ;110000 ;133667 ;649000 ;751000 ;853000 ;110000 ;133667 ;959000 ;1082000 ;1205000 ;131000 ;;662000 ;771000 ;879000 ;116000 ;;;;;;;;;;
 Cartagena ; Dorado Plaza Torre A ; Full ; Sencilla ;1003000 ;1282000 ;1560000 ;287000 ;316333 ;1003000 ;1282000 ;1560000 ;287000 ;316333 ;1437000 ;1798000 ;2160000 ;369000 ;;1021000 ;1309000 ;1597000 ;296000 ;;;;;;;;;;
 Cartagena ; Hotel Playa Club Estandar ; P.A.M ; Adulto ;678000 ;814000 ;951000 ;138000 ;155333 ;678000 ;814000 ;951000 ;138000 ;155333 ;1098000 ;1289000 ;1481000 ;200000 ;;701000 ;849000 ;998000 ;150000 ;;;;;;;;;;
 Cartagena ; Hotel Playa Club Estandar ; P.A.M ; Nino ;567000 ;648000 ;729000 ;83000 ;98000 ;567000 ;648000 ;729000 ;83000 ;98000 ;967000 ;1094000 ;1220000 ;134000 ;;592000 ;687000 ;781000 ;96000 ;;;;;;;;;;
 Cartagena ; Hotel Playa Club Estandar ; P.A.M ; Persona Adicional ;616000 ;722000 ;827000 ;107000 ;123333 ;616000 ;722000 ;827000 ;107000 ;123333 ;967000 ;1094000 ;1220000 ;134000 ;;626000 ;737000 ;848000 ;113000 ;;;;;;;;;;
 Cartagena ; Hotel Playa Club Estandar ; P.A.M ; Sencilla ;812000 ;1016000 ;1220000 ;205000 ;224667 ;812000 ;1016000 ;1220000 ;205000 ;224667 ;1406000 ;1752000 ;2098000 ;354000 ;;822000 ;1031000 ;1240000 ;211000 ;;;;;;;;;;
 Cartagena ; Hotel Playa Club Estandar ; P.A. ; Adulto ;730000 ;894000 ;1057000 ;165000 ;182667 ;730000 ;894000 ;1057000 ;165000 ;182667 ;1169000 ;1396000 ;1623000 ;235000 ;;754000 ;929000 ;1104000 ;176000 ;;;;;;;;;;
 Cartagena ; Hotel Playa Club Estandar ; P.A. ; Nino ;619000 ;727000 ;835000 ;109000 ;125333 ;619000 ;727000 ;835000 ;109000 ;125333 ;1038000 ;1200000 ;1362000 ;170000 ;;645000 ;766000 ;887000 ;122000 ;;;;;;;;;;
 Cartagena ; Hotel Playa Club Estandar ; P.A. ; Persona Adicional ;669000 ;801000 ;933000 ;134000 ;150667 ;669000 ;801000 ;933000 ;134000 ;150667 ;1038000 ;1200000 ;1362000 ;170000 ;;679000 ;816000 ;954000 ;139000 ;;;;;;;;;;
 Cartagena ; Hotel Playa Club Estandar ; P.A. ; Sencilla ;865000 ;1095000 ;1326000 ;323000 ;252000 ;865000 ;1095000 ;1326000 ;323000 ;252000 ;1477000 ;1858000 ;2240000 ;389000 ;;875000 ;1111000 ;1346000 ;237000 ;;;;;;;;;;
 Cartagena ; Hotel Regatta Estandar ; P.A.M ; Adulto ;810000 ;992000 ;1174000 ;190000 ;215777 ;810000 ;992000 ;1174000 ;190000 ;215777 ;1191000 ;1430000 ;1668000 ;246000 ;;835000 ;1030000 ;1225000 ;203000 ;;;;;;;;;;
 Cartagena ; Hotel Regatta Estandar ; P.A.M ; Nino ;525000 ;565000 ;605000 ;48000 ;69271 ;525000 ;565000 ;605000 ;48000 ;69271 ;816000 ;867000 ;918000 ;59000 ;;547000 ;598000 ;649000 ;59000 ;;;;;;;;;;
 Cartagena ; Hotel Regatta Estandar ; P.A.M ; Persona Adicional ;763000 ;922000 ;1081000 ;167000 ;191884 ;763000 ;922000 ;1081000 ;167000 ;191884 ;1145000 ;1360000 ;1575000 ;223000 ;;821000 ;1008000 ;1196000 ;196000 ;;;;;;;;;;
 Cartagena ; Hotel Regatta Estandar ; P.A.M ; Sencilla ;1100000 ;1427000 ;1754000 ;335000 ;365111 ;1100000 ;1427000 ;1754000 ;335000 ;365111 ;1583000 ;2017000 ;2451000 ;442000 ;;1140000 ;1487000 ;1834000 ;355000 ;;;;;;;;;;
 Cartagena ; Hotel Regatta Estandar ; P.A. ; Adulto ;870000 ;1082000 ;1295000 ;220000 ;246871 ;870000 ;1082000 ;1295000 ;220000 ;246871 ;1262000 ;1537000 ;1811000 ;282000 ;;906000 ;1137000 ;1368000 ;239000 ;;;;;;;;;;
 Cartagena ; Hotel Regatta Estandar ; P.A. ; Nino ;563000 ;623000 ;682000 ;67000 ;89057 ;563000 ;623000 ;682000 ;67000 ;89057 ;865000 ;941000 ;1017000 ;83000 ;;596000 ;672000 ;748000 ;83000 ;;;;;;;;;;
 Cartagena ; Hotel Regatta Estandar ; P.A. ; Persona Adicional ;823000 ;1013000 ;1202000 ;197000 ;222977 ;823000 ;1013000 ;1202000 ;197000 ;222977 ;1216000 ;1467000 ;1718000 ;259000 ;;892000 ;115000 ;1339000 ;231000 ;;;;;;;;;;
 Cartagena ; Hotel Regatta Estandar ; P.A. ; Sencilla ;1160000 ;1517000 ;1875000 ;365000 ;396204 ;1160000 ;1517000 ;1875000 ;365000 ;396204 ;1654000 ;2124000 ;2594000 ;478000 ;;1211000 ;1594000 ;1977000 ;391000 ;;;;;;;;;;
 Cartagena ; Hotel Caribe Classic ; P.A.M ; Adulto Doble ;827000 ;1018000 ;1209000 ;199000 ;225167 ;827000 ;1018000 ;1209000 ;199000 ;225167 ;;;1904000 ;305000 ;;827000 ;1018000 ;1209000 ;199000 ;;;;;;;;;;
 Cartagena ; Hotel Caribe Classic ; P.A.M ; Sencilla ;1085000 ;1405000 ;1725000 ;328000 ;358500 ;1085000 ;1405000 ;1725000 ;328000 ;358500 ;;;2847000 ;541000 ;;1085000 ;1405000 ;1725000 ;328000 ;;;;;;;;;;
 Cartagena ; Hotel Caribe Classic ; P.A. ; Adulto Doble ;935000 ;1180000 ;1424000 ;253000 ;280833 ;935000 ;1180000 ;1424000 ;253000 ;280833 ;;;2120000 ;359000 ;;935000 ;1180000 ;1424000 ;253000 ;;;;;;;;;;
 Cartagena ; Hotel Caribe Classic ; P.A. ; Sencilla ;1193000 ;1567000 ;1940000 ;382000 ;414167 ;1193000 ;1567000 ;1940000 ;382000 ;414167 ;;;3062000 ;595000 ;;1193000 ;1567000 ;1940000 ;382000 ;;;;;;;;;;
 Cartagena ; Hotel Caribe Superior ; P.A.M ; Adulto ;827000 ;1018000 ;1209000 ;199000 ;225167 ;827000 ;1018000 ;1209000 ;199000 ;225167 ;;;1933000 ;313000 ;;853000 ;1056000 ;1260000 ;212000 ;;;;;;;;;;
 Cartagena ; Hotel Caribe Superior ; P.A.M ; Nino ;567000 ;628000 ;688000 ;69000 ;90833 ;567000 ;628000 ;688000 ;69000 ;90833 ;;;957000 ;69000 ;;567000 ;628000 ;688000 ;69000 ;;;;;;;;;;
 Cartagena ; Hotel Caribe Superior ; P.A.M ; Persona Adicional ;749000 ;902000 ;1054000 ;160000 ;185167 ;749000 ;902000 ;1054000 ;160000 ;185167 ;;;1323000 ;160000 ;;749000 ;902000 ;1054000 ;160000 ;;;;;;;;;;
 Cartagena ; Hotel Caribe Superior ; P.A.M ; Sencilla ;1085000 ;1405000 ;1725000 ;328000 ;358500 ;1085000 ;1405000 ;1725000 ;328000 ;358500 ;;;2905000 ;556000 ;;1136000 ;1482000 ;1828000 ;354000 ;;;;;;;;;;
 Cartagena ; Hotel Caribe Superior ; P.A. ; Adulto ;935000 ;1180000 ;1424000 ;253000 ;280833 ;935000 ;1180000 ;1424000 ;253000 ;280833 ;;;2149000 ;367000 ;;960000 ;1218000 ;1476000 ;266000 ;;;;;;;;;;
 Cartagena ; Hotel Caribe Superior ; P.A. ; Nino ;621000 ;709000 ;797000 ;96000 ;118833 ;621000 ;709000 ;797000 ;96000 ;118833 ;;;1066000 ;96000 ;;621000 ;709000 ;797000 ;96000 ;;;;;;;;;;
 Cartagena ; Hotel Caribe Superior ; P.A. ; Persona Adicional ;857000 ;1063000 ;1269000 ;214000 ;240833 ;857000 ;1063000 ;1269000 ;214000 ;240833 ;;;1539000 ;214000 ;;857000 ;1063000 ;1269000 ;214000 ;;;;;;;;;;
 Cartagena ; Hotel Caribe Superior ; P.A. ; Sencilla ;1193000 ;1567000 ;1940000 ;382000 ;414167 ;1193000 ;1567000 ;1940000 ;382000 ;414167 ;;;3120000 ;609000 ;;1244000 ;1644000 ;2044000 ;408000 ;;;;;;;;;;
 Cartagena ; Hotel Isla Arena  ; P.A. ; Adulto ;835000 ;1030000 ;1225000 ;203000 ;229667 ;835000 ;1030000 ;1225000 ;203000 ;229667 ;1181000 ;1415000 ;1649000 ;242000 ;;809000 ;991000 ;1173000 ;190000 ;;;;;;;;;;
 Cartagena ; Hotel Isla Arena  ; P.A. ; Nino ;665000 ;774000 ;884000 ;118000 ;141667 ;665000 ;774000 ;884000 ;118000 ;141667 ;923000 ;1028000 ;1133000 ;113000 ;;629000 ;720000 ;812000 ;100000 ;;;;;;;;;;
 Cartagena ; Hotel Isla Arena  ; P.A. ; Sencilla ;925000 ;1165000 ;1406000 ;248000 ;276333 ;925000 ;1165000 ;1406000 ;248000 ;276333 ;1285000 ;1570000 ;1855000 ;293000 ;;938000 ;1185000 ;1431000 ;254000 ;;;;;;;;;;
 Cartagena ; Hotel Cartagena Plaza Torre Bolivar ; P.A.M ; Adulto ;820000 ;1007000 ;1194000 ;195000 ;221053 ;820000 ;1007000 ;1194000 ;195000 ;221053 ;1231000 ;1490000 ;1749000 ;267000 ;;805000 ;985000 ;1165000 ;188000 ;;;;;;;;;;
 Cartagena ; Hotel Cartagena Plaza Torre Bolivar ; P.A.M ; Nino ;604000 ;683000 ;762000 ;87000 ;109733 ;604000 ;683000 ;762000 ;87000 ;109733 ;878000 ;959000 ;1041000 ;90000 ;;583000 ;653000 ;722000 ;77000 ;;;;;;;;;;
 Cartagena ; Hotel Cartagena Plaza Torre Bolivar ; P.A.M ; Sencilla ;1035000 ;1331000 ;1626000 ;303000 ;332293 ;1035000 ;1331000 ;1626000 ;303000 ;332293 ;1452000 ;1821000 ;2190000 ;377000 ;;1035000 ;1330000 ;1625000 ;303000 ;;;;;;;;;;
 Cartagena ; Hotel Cartagena Plaza Torre Bolivar ; FULL ; Adulto ;840000 ;1038000 ;1235000 ;205000 ;232333 ;840000 ;1038000 ;1235000 ;205000 ;232333 ;1282000 ;1566000 ;1850000 ;292000 ;;861000 ;1069000 ;1277000 ;216000 ;;;;;;;;;;
 Cartagena ; Hotel Cartagena Plaza Torre Bolivar ; FULL ; Nino ;654000 ;759000 ;864000 ;113000 ;136333 ;654000 ;759000 ;864000 ;113000 ;136333 ;959000 ;1082000 ;1205000 ;131000 ;;665000 ;774000 ;884000 ;118000 ;;;;;;;;;;
 Cartagena ; Hotel Cartagena Plaza Torre Bolivar ; FULL ; Sencilla ;1023000 ;1313000 ;1602000 ;297000 ;327000 ;1023000 ;1313000 ;1602000 ;297000 ;327000 ;1501000 ;1895000 ;2289000 ;402000 ;;1062000 ;1371000 ;1679000 ;316000 ;;;;;;;;;;
 Cartagena ; Hotel Cartagena Plaza Torre Plaza ; P.A.M ; Adulto ;850000 ;1053000 ;1256000 ;211000 ;236900 ;850000 ;1053000 ;1256000 ;211000 ;236900 ;1258000 ;1529000 ;1801000 ;280000 ;;836000 ;1031000 ;1227000 ;203000 ;;;;;;;;;;
 Cartagena ; Hotel Cartagena Plaza Torre Plaza ; P.A.M ; Nino ;603000 ;683000 ;762000 ;87000 ;109573 ;603000 ;683000 ;762000 ;87000 ;109573 ;878000 ;959000 ;1041000 ;90000 ;;583000 ;653000 ;722000 ;77000 ;;;;;;;;;;
 Cartagena ; Hotel Cartagena Plaza Torre Plaza ; P.A.M ; Sencilla ;1067000 ;1377000 ;1688000 ;319000 ;348333 ;1067000 ;1377000 ;1688000 ;319000 ;348333 ;1484000 ;1869000 ;2253000 ;393000 ;;1066000 ;1376000 ;1687000 ;318000 ;;;;;;;;;;
 Cartagena ; Hotel Cartagena Plaza Torre Plaza ; FULL ; Adulto ;871000 ;1084000 ;1297000 ;221000 ;248333 ;871000 ;1084000 ;1297000 ;221000 ;248333 ;1310000 ;1609000 ;1907000 ;306000 ;;892000 ;1115000 ;1338000 ;231000 ;;;;;;;;;;
 Cartagena ; Hotel Cartagena Plaza Torre Plaza ; FULL ; Nino ;649000 ;751000 ;853000 ;110000 ;133667 ;649000 ;751000 ;853000 ;110000 ;133667 ;959000 ;1082000 ;1205000 ;131000 ;;665000 ;774000 ;884000 ;118000 ;;;;;;;;;;
 Cartagena ; Hotel Cartagena Plaza Torre Plaza ; FULL ; Sencilla ;1062000 ;1371000 ;1679000 ;316000 ;347000 ;1062000 ;1371000 ;1679000 ;316000 ;347000 ;1530000 ;1938000 ;2346000 ;416000 ;;1090000 ;1413000 ;1736000 ;331000 ;;;;;;;;;;
 Cartagena ; Hotel Capilla del Mar Piso Tradicional ; P.A.M ; Adulto ;1047000 ;1348000 ;1649000 ;309000 ;338070 ;1047000 ;1348000 ;1649000 ;309000 ;338070 ;;;;;;;;;;;;;;;;;;;
 Cartagena ; Hotel Capilla del Mar Piso Tradicional ; P.A.M ; Nino ;578000 ;645000 ;712000 ;74000 ;96693 ;578000 ;645000 ;712000 ;74000 ;96693 ;;;;;;;;;;;;;;;;;;;
 Cartagena ; Hotel Capilla del Mar Piso Tradicional ; P.A.M ; Triple ;975000 ;1240000 ;1505000 ;273000 ;301123 ;975000 ;1240000 ;1505000 ;273000 ;301123 ;;;;;;;;;;;;;;;;;;;
 Cartagena ; Hotel Capilla del Mar Piso Tradicional ; P.A.M ; Persona Adicional ;773000 ;937000 ;1101000 ;172000 ;196737 ;773000 ;937000 ;1101000 ;172000 ;196737 ;;;;;;;;;;;;;;;;;;;
 Cartagena ; Hotel Capilla del Mar Piso Tradicional ; P.A.M ; Sencilla ;1464000 ;1974000 ;2484000 ;518000 ;553110 ;1464000 ;1974000 ;2484000 ;518000 ;553110 ;;;;;;;;;;;;;;;;;;;
 Cartagena ; Hotel Las Americas Casa de Plata Superior ; FULL ; Adulto ;1404000 ;1883000 ;2362000 ;487000 ;521884 ;1404000 ;1883000 ;2362000 ;487000 ;521884 ;;;;;;;;;;;;;;;;;;;
 Cartagena ; Hotel Las Americas Casa de Plata Superior ; FULL ; Nino ;713000 ;847000 ;981000 ;142000 ;166192 ;713000 ;847000 ;981000 ;142000 ;166192 ;;;;;;;;;;;;;;;;;;;
 Cartagena ; Hotel Las Americas Casa de Plata Superior ; FULL ; Persona Adicional ;1231000 ;1624000 ;2017000 ;401000 ;433031 ;1231000 ;1624000 ;2017000 ;401000 ;433031 ;;;;;;;;;;;;;;;;;;;
 Cartagena ; Hotel Las Americas Casa de Plata Superior ; FULL ; Sencilla ;1884000 ;2603000 ;3322000 ;727000 ;769031 ;1884000 ;2603000 ;3322000 ;727000 ;769031 ;;;;;;;;;;;;;;;;;;;
 Cartagena ; Hotel Las Americas Torre del Mar Superior ; P.A.M ; Adulto ;1276000 ;1691000 ;2107000 ;423000 ;455905 ;1276000 ;1691000 ;2107000 ;423000 ;455905 ;;;;;;;;;;;;;;;;;;;
 Cartagena ; Hotel Las Americas Torre del Mar Superior ; P.A.M ; Nino ;558000 ;614000 ;670000 ;64000 ;86200 ;558000 ;614000 ;670000 ;64000 ;86200 ;;;;;;;;;;;;;;;;;;;
 Cartagena ; Hotel Las Americas Torre del Mar Superior ; P.A.M ; Persona Adicional ;989000 ;1261000 ;1532000 ;280000 ;308065 ;989000 ;1261000 ;1532000 ;280000 ;308065 ;;;;;;;;;;;;;;;;;;;
 Cartagena ; Hotel Las Americas Torre del Mar Superior ; P.A.M ; Sencilla ;1868000 ;2579000 ;3290000 ;719000 ;760545 ;1868000 ;2579000 ;3290000 ;719000 ;760545 ;;;;;;;;;;;;;;;;;;;
